{"cameraMode":{"drawMode":0,"name":"Shaded","section":"Shading Mode"},"sceneLighting":false,"audioPlay":false,"sceneViewState":{"m_AlwaysRefresh":false,"showFog":true,"showSkybox":false,"showFlares":true,"showImageEffects":true,"showParticleSystems":true,"showVisualEffectGraphs":true,"m_FxEnabled":true},"in2DMode":false,"pivot":{"x":0.3472900390625,"y":0.25633594393730166,"z":0.012424156069755555},"rotation":{"x":-0.01813746802508831,"y":0.9810985326766968,"z":0.11531484872102738,"w":0.15430521965026856},"size":0.29957839846611025,"orthographic":true}