{"cameraMode":{"drawMode":0,"name":"Shaded","section":"Shading Mode"},"sceneLighting":false,"audioPlay":false,"sceneViewState":{"m_AlwaysRefresh":false,"showFog":true,"showSkybox":false,"showFlares":true,"showImageEffects":true,"showParticleSystems":true,"showVisualEffectGraphs":true,"m_FxEnabled":true},"in2DMode":false,"pivot":{"x":0.10030356049537659,"y":0.03516015410423279,"z":-0.0891011655330658},"rotation":{"x":0.0023409747518599035,"y":-0.9967396259307861,"z":0.03140770643949509,"w":0.07429281622171402},"size":0.22896534204483033,"orthographic":true}