{"cameraMode":{"drawMode":0,"name":"Shaded","section":"Shading Mode"},"sceneLighting":false,"audioPlay":false,"sceneViewState":{"m_AlwaysRefresh":false,"showFog":true,"showSkybox":false,"showFlares":true,"showImageEffects":true,"showParticleSystems":true,"showVisualEffectGraphs":true,"m_FxEnabled":true},"in2DMode":false,"pivot":{"x":-0.1976499706506729,"y":0.8019999861717224,"z":-1.4700000286102296},"rotation":{"x":-0.16320978105068208,"y":-0.5976243019104004,"z":-0.12587381899356843,"w":0.7748130559921265},"size":0.1269456297159195,"orthographic":false}