{"cameraMode":{"drawMode":0,"name":"Shaded","section":"Shading Mode"},"sceneLighting":false,"audioPlay":false,"sceneViewState":{"m_AlwaysRefresh":false,"showFog":true,"showSkybox":false,"showFlares":true,"showImageEffects":true,"showParticleSystems":true,"showVisualEffectGraphs":true,"m_FxEnabled":true},"in2DMode":false,"pivot":{"x":-2.872817277908325,"y":0.19082880020141602,"z":-4.4708027839660648},"rotation":{"x":-0.016311032697558404,"y":0.9808780550956726,"z":-0.09445462375879288,"w":-0.1693844348192215},"size":0.6293271780014038,"orthographic":false}