{"cameraMode":{"drawMode":0,"name":"Shaded","section":"Shading Mode"},"sceneLighting":false,"audioPlay":false,"sceneViewState":{"m_AlwaysRefresh":false,"showFog":true,"showSkybox":true,"showFlares":true,"showImageEffects":true,"showParticleSystems":true,"showVisualEffectGraphs":true,"m_FxEnabled":true},"in2DMode":false,"pivot":{"x":-0.06589626520872116,"y":-1.1893105506896973,"z":-0.9082357883453369},"rotation":{"x":0.0008068460156209767,"y":-0.9936453700065613,"z":0.11225888133049011,"w":0.00714971125125885},"size":0.8625757694244385,"orthographic":false}