{"cameraMode":{"drawMode":0,"name":"Shaded","section":"Shading Mode"},"sceneLighting":true,"audioPlay":false,"sceneViewState":{"m_AlwaysRefresh":false,"showFog":true,"showSkybox":true,"showFlares":true,"showImageEffects":true,"showParticleSystems":true,"showVisualEffectGraphs":true,"m_FxEnabled":true},"in2DMode":false,"pivot":{"x":-0.6200000047683716,"y":1.1175999641418458,"z":1.7599999904632569},"rotation":{"x":0.0020868054125458,"y":0.9727076292037964,"z":-0.0087546082213521,"w":0.23186111450195313},"size":0.09135130792856217,"orthographic":false}