{"cameraMode":{"drawMode":0,"name":"Shaded","section":"Shading Mode"},"sceneLighting":false,"audioPlay":false,"sceneViewState":{"m_AlwaysRefresh":false,"showFog":true,"showSkybox":true,"showFlares":true,"showImageEffects":true,"showParticleSystems":true,"showVisualEffectGraphs":true,"m_FxEnabled":true},"in2DMode":false,"pivot":{"x":-0.7541238069534302,"y":0.7317764759063721,"z":1.9356833696365357},"rotation":{"x":0.4628479778766632,"y":-0.5144273638725281,"z":0.6053261756896973,"w":0.39334455132484438},"size":1.5575494766235352,"orthographic":false}