{"cameraMode":{"drawMode":0,"name":"Shaded","section":"Shading Mode"},"sceneLighting":false,"audioPlay":false,"sceneViewState":{"m_AlwaysRefresh":false,"showFog":true,"showSkybox":false,"showFlares":true,"showImageEffects":true,"showParticleSystems":true,"showVisualEffectGraphs":true,"m_FxEnabled":true},"in2DMode":false,"pivot":{"x":-1.3775811195373536,"y":1.1927287578582764,"z":0.7892328500747681},"rotation":{"x":-0.16320978105068208,"y":-0.5976243019104004,"z":-0.12587381899356843,"w":0.7748130559921265},"size":0.5770958662033081,"orthographic":false}