{"cameraMode":{"drawMode":0,"name":"Shaded","section":"Shading Mode"},"sceneLighting":false,"audioPlay":false,"sceneViewState":{"m_AlwaysRefresh":false,"showFog":true,"showSkybox":false,"showFlares":true,"showImageEffects":true,"showParticleSystems":true,"showVisualEffectGraphs":true,"m_FxEnabled":true},"in2DMode":false,"pivot":{"x":0.06640774011611939,"y":0.6055274605751038,"z":0.886694610118866},"rotation":{"x":-0.05645271763205528,"y":-0.8625240921974182,"z":0.09875588864088059,"w":-0.49305325746536257},"size":0.8011743426322937,"orthographic":false}